{"resourceType":"ImplementationGuide","id":"example.fhir.az.ig","text":{"status":"extensions","div":"<div xmlns=\"http://www.w3.org/1999/xhtml\"><h2>AZAdverseEventIG</h2><p>The official URL for this implementation guide is: </p><pre>https://semalexa.github.io/ig-az/ImplementationGuide/example.fhir.az.ig</pre><div><p>AstraZeneca Adverse Event Implementation Guide</p>\n</div></div>"},"url":"https://semalexa.github.io/ig-az/ImplementationGuide/example.fhir.az.ig","version":"0.1.0","name":"AZAdverseEventIG","title":"AstraZeneca Adverse Event Implementation Guide","status":"active","experimental":false,"date":"2020-12-18T02:37:17-06:00","publisher":"AstraZeneca - Adverse Event Work Group","contact":[{"telecom":[{"system":"url","value":"https://www.astrazeneca.com"}]}],"description":"AstraZeneca Adverse Event Implementation Guide","jurisdiction":[{"coding":[{"system":"http://unstats.un.org/unsd/methods/m49/m49.htm","code":"001"}]}],"packageId":"example.fhir.az.ig","license":"ISC","fhirVersion":["4.0.1"],"definition":{"extension":[{"extension":[{"url":"code","valueString":"copyrightyear"},{"url":"value","valueString":"2020+"}],"url":"http://hl7.org/fhir/tools/StructureDefinition/ig-parameter"},{"extension":[{"url":"code","valueString":"releaselabel"},{"url":"value","valueString":"CI Build"}],"url":"http://hl7.org/fhir/tools/StructureDefinition/ig-parameter"},{"extension":[{"url":"code","valueString":"path-liquid"},{"url":"value","valueString":"templates\\liquid"}],"url":"http://hl7.org/fhir/tools/StructureDefinition/ig-parameter"},{"extension":[{"url":"code","valueString":"path-liquid"},{"url":"value","valueString":"template/liquid"}],"url":"http://hl7.org/fhir/tools/StructureDefinition/ig-parameter"},{"extension":[{"url":"code","valueString":"path-liquid"},{"url":"value","valueString":"input/liquid"}],"url":"http://hl7.org/fhir/tools/StructureDefinition/ig-parameter"},{"extension":[{"url":"code","valueString":"path-qa"},{"url":"value","valueString":"temp/qa"}],"url":"http://hl7.org/fhir/tools/StructureDefinition/ig-parameter"},{"extension":[{"url":"code","valueString":"path-temp"},{"url":"value","valueString":"temp/pages"}],"url":"http://hl7.org/fhir/tools/StructureDefinition/ig-parameter"},{"extension":[{"url":"code","valueString":"path-output"},{"url":"value","valueString":"output"}],"url":"http://hl7.org/fhir/tools/StructureDefinition/ig-parameter"},{"extension":[{"url":"code","valueString":"path-suppressed-warnings"},{"url":"value","valueString":"input/ignoreWarnings.txt"}],"url":"http://hl7.org/fhir/tools/StructureDefinition/ig-parameter"},{"extension":[{"url":"code","valueString":"path-history"},{"url":"value","valueString":"https://semalexa.github.io/ig-az/history.html"}],"url":"http://hl7.org/fhir/tools/StructureDefinition/ig-parameter"},{"extension":[{"url":"code","valueString":"template-html"},{"url":"value","valueString":"template-page.html"}],"url":"http://hl7.org/fhir/tools/StructureDefinition/ig-parameter"},{"extension":[{"url":"code","valueString":"template-md"},{"url":"value","valueString":"template-page-md.html"}],"url":"http://hl7.org/fhir/tools/StructureDefinition/ig-parameter"},{"extension":[{"url":"code","valueString":"apply-contact"},{"url":"value","valueString":"true"}],"url":"http://hl7.org/fhir/tools/StructureDefinition/ig-parameter"},{"extension":[{"url":"code","valueString":"apply-context"},{"url":"value","valueString":"true"}],"url":"http://hl7.org/fhir/tools/StructureDefinition/ig-parameter"},{"extension":[{"url":"code","valueString":"apply-copyright"},{"url":"value","valueString":"true"}],"url":"http://hl7.org/fhir/tools/StructureDefinition/ig-parameter"},{"extension":[{"url":"code","valueString":"apply-jurisdiction"},{"url":"value","valueString":"true"}],"url":"http://hl7.org/fhir/tools/StructureDefinition/ig-parameter"},{"extension":[{"url":"code","valueString":"apply-license"},{"url":"value","valueString":"true"}],"url":"http://hl7.org/fhir/tools/StructureDefinition/ig-parameter"},{"extension":[{"url":"code","valueString":"apply-publisher"},{"url":"value","valueString":"true"}],"url":"http://hl7.org/fhir/tools/StructureDefinition/ig-parameter"},{"extension":[{"url":"code","valueString":"apply-version"},{"url":"value","valueString":"true"}],"url":"http://hl7.org/fhir/tools/StructureDefinition/ig-parameter"},{"extension":[{"url":"code","valueString":"active-tables"},{"url":"value","valueString":"true"}],"url":"http://hl7.org/fhir/tools/StructureDefinition/ig-parameter"}],"grouping":[{"id":"_str_profile","name":"Structures: Resource Profiles","description":"These define constraints on FHIR resources for systems conforming to this implementation guide"},{"id":"_str_datatype","name":"Structures: Data Type Profiles","description":"These define constraints on FHIR data types for systems conforming to this implementation guide"},{"id":"_str_extension","name":"Structures: Extension Definitions","description":"These define constraints on FHIR data types for systems conforming to this implementation guide"},{"id":"_term_valueset","name":"Terminology: Value Sets","description":"These define sets of codes used by systems conforming to this implementation guide"}],"resource":[{"extension":[{"url":"http://hl7.org/fhir/StructureDefinition/implementationguide-page","valueUri":"StructureDefinition-hl7.fhir.ae-Address.html"}],"reference":{"reference":"StructureDefinition/hl7.fhir.ae-Address"},"name":"AZ Address Profile","description":"AZAddress","groupingId":"_str_datatype"},{"extension":[{"url":"http://hl7.org/fhir/StructureDefinition/implementationguide-page","valueUri":"StructureDefinition-hl7.fhir.ae-Address-region.html"}],"reference":{"reference":"StructureDefinition/hl7.fhir.ae-Address-region"},"description":"hl7.fhir.ae-Address-region","groupingId":"_str_extension"},{"extension":[{"url":"http://hl7.org/fhir/StructureDefinition/implementationguide-page","valueUri":"StructureDefinition-hl7.fhir.ae-HumanName.html"}],"reference":{"reference":"StructureDefinition/hl7.fhir.ae-HumanName"},"name":"AZ HumanName Profile","description":"hl7.fhir.ae-HumanName","groupingId":"_str_datatype"},{"extension":[{"url":"http://hl7.org/fhir/StructureDefinition/implementationguide-page","valueUri":"StructureDefinition-hl7.fhir.ae-HumanName-salutation.html"}],"reference":{"reference":"StructureDefinition/hl7.fhir.ae-HumanName-salutation"},"description":"hl7.fhir.ae-HumanName-salutation","groupingId":"_str_extension"},{"extension":[{"url":"http://hl7.org/fhir/StructureDefinition/implementationguide-page","valueUri":"StructureDefinition-hl7.fhir.ae-Patient.html"}],"reference":{"reference":"StructureDefinition/hl7.fhir.ae-Patient"},"name":"AZ Patient Profile","description":"hl7.fhir.ae-Patient","groupingId":"_str_profile"},{"extension":[{"url":"http://hl7.org/fhir/StructureDefinition/implementationguide-page","valueUri":"StructureDefinition-hl7.fhir.ae-Patient-ageGroup.html"}],"reference":{"reference":"StructureDefinition/hl7.fhir.ae-Patient-ageGroup"},"description":"hl7.fhir.ae-Patient-ageGroup","groupingId":"_str_extension"},{"extension":[{"url":"http://hl7.org/fhir/StructureDefinition/implementationguide-page","valueUri":"StructureDefinition-hl7.fhir.ae-Patient-consentToContactPatient.html"}],"reference":{"reference":"StructureDefinition/hl7.fhir.ae-Patient-consentToContactPatient"},"description":"hl7.fhir.ae-Patient-consentToContactPatient","groupingId":"_str_extension"},{"extension":[{"url":"http://hl7.org/fhir/StructureDefinition/implementationguide-page","valueUri":"StructureDefinition-hl7.fhir.ae-Patient-ethnicity.html"}],"reference":{"reference":"StructureDefinition/hl7.fhir.ae-Patient-ethnicity"},"description":"hl7.fhir.ae-Patient-ethnicity","groupingId":"_str_extension"},{"extension":[{"url":"http://hl7.org/fhir/StructureDefinition/implementationguide-page","valueUri":"StructureDefinition-hl7.fhir.ae-Patient-gender.html"}],"reference":{"reference":"StructureDefinition/hl7.fhir.ae-Patient-gender"},"description":"hl7.fhir.ae-Patient-gender","groupingId":"_str_extension"},{"extension":[{"url":"http://hl7.org/fhir/StructureDefinition/implementationguide-page","valueUri":"StructureDefinition-hl7.fhir.ae-Patient-patientAge.html"}],"reference":{"reference":"StructureDefinition/hl7.fhir.ae-Patient-patientAge"},"description":"hl7.fhir.ae-Patient-patientAge","groupingId":"_str_extension"},{"extension":[{"url":"http://hl7.org/fhir/StructureDefinition/implementationguide-page","valueUri":"ValueSet-hl7.fhir.ae-detailed-ethnicity.html"}],"reference":{"reference":"ValueSet/hl7.fhir.ae-detailed-ethnicity"},"name":"Value set hl7.fhir.ae-detailed-ethnicity","groupingId":"_term_valueset"}],"page":{"nameUrl":"toc.html","title":"Table of Contents","generation":"html","page":[{"nameUrl":"index.html","title":"AZ IG Home Page","generation":"html"},{"nameUrl":"background.html","title":"Background","generation":"html"},{"nameUrl":"spec.html","title":"Detailed Specification","generation":"markdown"},{"nameUrl":"downloads.html","title":"Useful Downloads","generation":"html"},{"nameUrl":"artifacts.html","title":"Artifacts Summary","generation":"html","page":[{"nameUrl":"StructureDefinition-hl7.fhir.ae-Patient.html","title":"AZ Patient Profile","generation":"generated"},{"nameUrl":"StructureDefinition-hl7.fhir.ae-Address.html","title":"AZ Address Profile","generation":"generated"},{"nameUrl":"StructureDefinition-hl7.fhir.ae-HumanName.html","title":"AZ HumanName Profile","generation":"generated"},{"nameUrl":"StructureDefinition-hl7.fhir.ae-Address-region.html","generation":"generated"},{"nameUrl":"StructureDefinition-hl7.fhir.ae-HumanName-salutation.html","generation":"generated"},{"nameUrl":"StructureDefinition-hl7.fhir.ae-Patient-ageGroup.html","generation":"generated"},{"nameUrl":"StructureDefinition-hl7.fhir.ae-Patient-consentToContactPatient.html","generation":"generated"},{"nameUrl":"StructureDefinition-hl7.fhir.ae-Patient-ethnicity.html","generation":"generated"},{"nameUrl":"StructureDefinition-hl7.fhir.ae-Patient-gender.html","generation":"generated"},{"nameUrl":"StructureDefinition-hl7.fhir.ae-Patient-patientAge.html","generation":"generated"},{"nameUrl":"ValueSet-hl7.fhir.ae-detailed-ethnicity.html","title":"Value set hl7.fhir.ae-detailed-ethnicity","generation":"generated"}]}]},"parameter":[{"code":"path-resource","value":"input/capabilities"},{"code":"path-resource","value":"input/examples"},{"code":"path-resource","value":"input/extensions"},{"code":"path-resource","value":"input/models"},{"code":"path-resource","value":"input/operations"},{"code":"path-resource","value":"input/profiles"},{"code":"path-resource","value":"input/resources"},{"code":"path-resource","value":"input/vocabulary"},{"code":"path-resource","value":"input/maps"},{"code":"path-resource","value":"input/testing"},{"code":"path-resource","value":"input/history"},{"code":"path-resource","value":"fsh-generated/resources"},{"code":"path-pages","value":"template/config"},{"code":"path-pages","value":"input/images"},{"code":"path-tx-cache","value":"input-cache/txcache"}]}}