{"resourceType":"ValueSet","id":"hl7.fhir.ae-detailed-ethnicity","text":{"status":"generated","div":"<div xmlns=\"http://www.w3.org/1999/xhtml\"><ul><li>Include these codes as defined in <code>urn:CodeSystem:detailed-ethnicity</code><table class=\"none\"><tr><td style=\"white-space:nowrap\"><b>Code</b></td><td><b>Display</b></td></tr><tr><td>white</td><td>White</td></tr><tr><td>african</td><td>African</td></tr><tr><td>caribbean</td><td>Caribbean</td></tr><tr><td>N/A</td><td>Not prepared to say</td></tr></table></li></ul></div>"},"url":"https://semalexa.github.io/ig-az/ValueSet/hl7.fhir.ae-detailed-ethnicity","version":"0.1.0","name":"DetailedEthnicity","title":"detailed ethnicity","status":"active","date":"2020-12-17T21:37:52Z","publisher":"AstraZeneca - Adverse Event Work Group","contact":[{"telecom":[{"system":"url","value":"https://www.astrazeneca.com"}]}],"jurisdiction":[{"coding":[{"system":"http://unstats.un.org/unsd/methods/m49/m49.htm","code":"001"}]}],"compose":{"include":[{"system":"urn:CodeSystem:detailed-ethnicity","concept":[{"code":"white","display":"White"},{"code":"african","display":"African"},{"code":"caribbean","display":"Caribbean"},{"code":"N/A","display":"Not prepared to say"}]}]}}