<?xml version="1.0" encoding="UTF-8"?><ImplementationGuide xmlns="http://hl7.org/fhir"><id value="example.fhir.az.ig"/><text><status value="extensions"/><div xmlns="http://www.w3.org/1999/xhtml"><h2>AZAdverseEventIG</h2><p>The official URL for this implementation guide is: </p><pre>http://somewhere.org/fhir/uv/myig/ImplementationGuide/example.fhir.az.ig</pre><div><p>AstraZeneca Adverse Event Implementation Guide</p>
</div></div></text><url value="http://somewhere.org/fhir/uv/myig/ImplementationGuide/example.fhir.az.ig"/><version value="0.1.0"/><name value="AZAdverseEventIG"/><title value="AstraZeneca Adverse Event Implementation Guide"/><status value="active"/><experimental value="false"/><date value="2020-12-17T15:22:54-06:00"/><publisher value="AstraZeneca - Adverse Event Work Group"/><contact><telecom><system value="url"/><value value="https://www.astrazeneca.com"/></telecom></contact><description value="AstraZeneca Adverse Event Implementation Guide"/><jurisdiction><coding><system value="http://unstats.un.org/unsd/methods/m49/m49.htm"/><code value="001"/></coding></jurisdiction><packageId value="example.fhir.az.ig"/><license value="ISC"/><fhirVersion value="4.0.1"/><definition><extension url="http://hl7.org/fhir/tools/StructureDefinition/ig-parameter"><extension url="code"><valueString value="copyrightyear"/></extension><extension url="value"><valueString value="2020+"/></extension></extension><extension url="http://hl7.org/fhir/tools/StructureDefinition/ig-parameter"><extension url="code"><valueString value="releaselabel"/></extension><extension url="value"><valueString value="CI Build"/></extension></extension><extension url="http://hl7.org/fhir/tools/StructureDefinition/ig-parameter"><extension url="code"><valueString value="path-liquid"/></extension><extension url="value"><valueString value="templates\liquid"/></extension></extension><extension url="http://hl7.org/fhir/tools/StructureDefinition/ig-parameter"><extension url="code"><valueString value="path-liquid"/></extension><extension url="value"><valueString value="template/liquid"/></extension></extension><extension url="http://hl7.org/fhir/tools/StructureDefinition/ig-parameter"><extension url="code"><valueString value="path-liquid"/></extension><extension url="value"><valueString value="input/liquid"/></extension></extension><extension url="http://hl7.org/fhir/tools/StructureDefinition/ig-parameter"><extension url="code"><valueString value="path-qa"/></extension><extension url="value"><valueString value="temp/qa"/></extension></extension><extension url="http://hl7.org/fhir/tools/StructureDefinition/ig-parameter"><extension url="code"><valueString value="path-temp"/></extension><extension url="value"><valueString value="temp/pages"/></extension></extension><extension url="http://hl7.org/fhir/tools/StructureDefinition/ig-parameter"><extension url="code"><valueString value="path-output"/></extension><extension url="value"><valueString value="output"/></extension></extension><extension url="http://hl7.org/fhir/tools/StructureDefinition/ig-parameter"><extension url="code"><valueString value="path-suppressed-warnings"/></extension><extension url="value"><valueString value="input/ignoreWarnings.txt"/></extension></extension><extension url="http://hl7.org/fhir/tools/StructureDefinition/ig-parameter"><extension url="code"><valueString value="path-history"/></extension><extension url="value"><valueString value="http://somewhere.org/fhir/uv/myig/history.html"/></extension></extension><extension url="http://hl7.org/fhir/tools/StructureDefinition/ig-parameter"><extension url="code"><valueString value="template-html"/></extension><extension url="value"><valueString value="template-page.html"/></extension></extension><extension url="http://hl7.org/fhir/tools/StructureDefinition/ig-parameter"><extension url="code"><valueString value="template-md"/></extension><extension url="value"><valueString value="template-page-md.html"/></extension></extension><extension url="http://hl7.org/fhir/tools/StructureDefinition/ig-parameter"><extension url="code"><valueString value="apply-contact"/></extension><extension url="value"><valueString value="true"/></extension></extension><extension url="http://hl7.org/fhir/tools/StructureDefinition/ig-parameter"><extension url="code"><valueString value="apply-context"/></extension><extension url="value"><valueString value="true"/></extension></extension><extension url="http://hl7.org/fhir/tools/StructureDefinition/ig-parameter"><extension url="code"><valueString value="apply-copyright"/></extension><extension url="value"><valueString value="true"/></extension></extension><extension url="http://hl7.org/fhir/tools/StructureDefinition/ig-parameter"><extension url="code"><valueString value="apply-jurisdiction"/></extension><extension url="value"><valueString value="true"/></extension></extension><extension url="http://hl7.org/fhir/tools/StructureDefinition/ig-parameter"><extension url="code"><valueString value="apply-license"/></extension><extension url="value"><valueString value="true"/></extension></extension><extension url="http://hl7.org/fhir/tools/StructureDefinition/ig-parameter"><extension url="code"><valueString value="apply-publisher"/></extension><extension url="value"><valueString value="true"/></extension></extension><extension url="http://hl7.org/fhir/tools/StructureDefinition/ig-parameter"><extension url="code"><valueString value="apply-version"/></extension><extension url="value"><valueString value="true"/></extension></extension><extension url="http://hl7.org/fhir/tools/StructureDefinition/ig-parameter"><extension url="code"><valueString value="active-tables"/></extension><extension url="value"><valueString value="true"/></extension></extension><grouping id="_str_profile"><name value="Structures: Resource Profiles"/><description value="These define constraints on FHIR resources for systems conforming to this implementation guide"/></grouping><grouping id="_str_datatype"><name value="Structures: Data Type Profiles"/><description value="These define constraints on FHIR data types for systems conforming to this implementation guide"/></grouping><grouping id="_str_extension"><name value="Structures: Extension Definitions"/><description value="These define constraints on FHIR data types for systems conforming to this implementation guide"/></grouping><grouping id="_term_valueset"><name value="Terminology: Value Sets"/><description value="These define sets of codes used by systems conforming to this implementation guide"/></grouping><resource><extension url="http://hl7.org/fhir/StructureDefinition/implementationguide-page"><valueUri value="StructureDefinition-hl7.fhir.ae-Address.html"/></extension><reference><reference value="StructureDefinition/hl7.fhir.ae-Address"/></reference><name value="AZ Address Profile"/><description value="AZAddress"/><groupingId value="_str_datatype"/></resource><resource><extension url="http://hl7.org/fhir/StructureDefinition/implementationguide-page"><valueUri value="StructureDefinition-hl7.fhir.ae-Address-region.html"/></extension><reference><reference value="StructureDefinition/hl7.fhir.ae-Address-region"/></reference><description value="hl7.fhir.ae-Address-region"/><groupingId value="_str_extension"/></resource><resource><extension url="http://hl7.org/fhir/StructureDefinition/implementationguide-page"><valueUri value="StructureDefinition-hl7.fhir.ae-HumanName.html"/></extension><reference><reference value="StructureDefinition/hl7.fhir.ae-HumanName"/></reference><name value="AZ HumanName Profile"/><description value="hl7.fhir.ae-HumanName"/><groupingId value="_str_datatype"/></resource><resource><extension url="http://hl7.org/fhir/StructureDefinition/implementationguide-page"><valueUri value="StructureDefinition-hl7.fhir.ae-HumanName-salutation.html"/></extension><reference><reference value="StructureDefinition/hl7.fhir.ae-HumanName-salutation"/></reference><description value="hl7.fhir.ae-HumanName-salutation"/><groupingId value="_str_extension"/></resource><resource><extension url="http://hl7.org/fhir/StructureDefinition/implementationguide-page"><valueUri value="StructureDefinition-hl7.fhir.ae-Patient.html"/></extension><reference><reference value="StructureDefinition/hl7.fhir.ae-Patient"/></reference><name value="AZ Patient Profile"/><description value="hl7.fhir.ae-Patient"/><groupingId value="_str_profile"/></resource><resource><extension url="http://hl7.org/fhir/StructureDefinition/implementationguide-page"><valueUri value="StructureDefinition-hl7.fhir.ae-Patient-ageGroup.html"/></extension><reference><reference value="StructureDefinition/hl7.fhir.ae-Patient-ageGroup"/></reference><description value="hl7.fhir.ae-Patient-ageGroup"/><groupingId value="_str_extension"/></resource><resource><extension url="http://hl7.org/fhir/StructureDefinition/implementationguide-page"><valueUri value="StructureDefinition-hl7.fhir.ae-Patient-consentToContactPatient.html"/></extension><reference><reference value="StructureDefinition/hl7.fhir.ae-Patient-consentToContactPatient"/></reference><description value="hl7.fhir.ae-Patient-consentToContactPatient"/><groupingId value="_str_extension"/></resource><resource><extension url="http://hl7.org/fhir/StructureDefinition/implementationguide-page"><valueUri value="StructureDefinition-hl7.fhir.ae-Patient-ethnicity.html"/></extension><reference><reference value="StructureDefinition/hl7.fhir.ae-Patient-ethnicity"/></reference><description value="hl7.fhir.ae-Patient-ethnicity"/><groupingId value="_str_extension"/></resource><resource><extension url="http://hl7.org/fhir/StructureDefinition/implementationguide-page"><valueUri value="StructureDefinition-hl7.fhir.ae-Patient-gender.html"/></extension><reference><reference value="StructureDefinition/hl7.fhir.ae-Patient-gender"/></reference><description value="hl7.fhir.ae-Patient-gender"/><groupingId value="_str_extension"/></resource><resource><extension url="http://hl7.org/fhir/StructureDefinition/implementationguide-page"><valueUri value="StructureDefinition-hl7.fhir.ae-Patient-patientAge.html"/></extension><reference><reference value="StructureDefinition/hl7.fhir.ae-Patient-patientAge"/></reference><description value="hl7.fhir.ae-Patient-patientAge"/><groupingId value="_str_extension"/></resource><resource><extension url="http://hl7.org/fhir/StructureDefinition/implementationguide-page"><valueUri value="ValueSet-hl7.fhir.ae-detailed-ethnicity.html"/></extension><reference><reference value="ValueSet/hl7.fhir.ae-detailed-ethnicity"/></reference><name value="Value set hl7.fhir.ae-detailed-ethnicity"/><groupingId value="_term_valueset"/></resource><page><nameUrl value="toc.html"/><title value="Table of Contents"/><generation value="html"/><page><nameUrl value="index.html"/><title value="AZ IG Home Page"/><generation value="html"/></page><page><nameUrl value="background.html"/><title value="Background"/><generation value="html"/></page><page><nameUrl value="spec.html"/><title value="Detailed Specification"/><generation value="markdown"/></page><page><nameUrl value="downloads.html"/><title value="Useful Downloads"/><generation value="html"/></page><page><nameUrl value="artifacts.html"/><title value="Artifacts Summary"/><generation value="html"/><page><nameUrl value="StructureDefinition-hl7.fhir.ae-Patient.html"/><title value="AZ Patient Profile"/><generation value="generated"/></page><page><nameUrl value="StructureDefinition-hl7.fhir.ae-Address.html"/><title value="AZ Address Profile"/><generation value="generated"/></page><page><nameUrl value="StructureDefinition-hl7.fhir.ae-HumanName.html"/><title value="AZ HumanName Profile"/><generation value="generated"/></page><page><nameUrl value="StructureDefinition-hl7.fhir.ae-Address-region.html"/><generation value="generated"/></page><page><nameUrl value="StructureDefinition-hl7.fhir.ae-HumanName-salutation.html"/><generation value="generated"/></page><page><nameUrl value="StructureDefinition-hl7.fhir.ae-Patient-ageGroup.html"/><generation value="generated"/></page><page><nameUrl value="StructureDefinition-hl7.fhir.ae-Patient-consentToContactPatient.html"/><generation value="generated"/></page><page><nameUrl value="StructureDefinition-hl7.fhir.ae-Patient-ethnicity.html"/><generation value="generated"/></page><page><nameUrl value="StructureDefinition-hl7.fhir.ae-Patient-gender.html"/><generation value="generated"/></page><page><nameUrl value="StructureDefinition-hl7.fhir.ae-Patient-patientAge.html"/><generation value="generated"/></page><page><nameUrl value="ValueSet-hl7.fhir.ae-detailed-ethnicity.html"/><title value="Value set hl7.fhir.ae-detailed-ethnicity"/><generation value="generated"/></page></page></page><parameter><code value="path-resource"/><value value="input/capabilities"/></parameter><parameter><code value="path-resource"/><value value="input/examples"/></parameter><parameter><code value="path-resource"/><value value="input/extensions"/></parameter><parameter><code value="path-resource"/><value value="input/models"/></parameter><parameter><code value="path-resource"/><value value="input/operations"/></parameter><parameter><code value="path-resource"/><value value="input/profiles"/></parameter><parameter><code value="path-resource"/><value value="input/resources"/></parameter><parameter><code value="path-resource"/><value value="input/vocabulary"/></parameter><parameter><code value="path-resource"/><value value="input/maps"/></parameter><parameter><code value="path-resource"/><value value="input/testing"/></parameter><parameter><code value="path-resource"/><value value="input/history"/></parameter><parameter><code value="path-resource"/><value value="fsh-generated/resources"/></parameter><parameter><code value="path-pages"/><value value="template/config"/></parameter><parameter><code value="path-pages"/><value value="input/images"/></parameter><parameter><code value="path-tx-cache"/><value value="input-cache/txcache"/></parameter></definition></ImplementationGuide>