{
  "package": "example.fhir.az.ig",
  "version": "0.1.0",
  "fhirVersion": "4.0.1",
  "jurisdiction": "001",
  "extensions": [
    {
      "url": "http://somewhere.org/fhir/uv/myig/StructureDefinition/hl7.fhir.ae-Address-region",
      "title": "region",
      "types": [
        "CodeableConcept"
      ]
    },
    {
      "url": "http://somewhere.org/fhir/uv/myig/StructureDefinition/hl7.fhir.ae-HumanName-salutation",
      "title": "salutation",
      "types": [
        "CodeableConcept"
      ]
    },
    {
      "url": "http://somewhere.org/fhir/uv/myig/StructureDefinition/hl7.fhir.ae-Patient-ageGroup",
      "title": "ageGroup",
      "types": [
        "CodeableConcept"
      ]
    },
    {
      "url": "http://somewhere.org/fhir/uv/myig/StructureDefinition/hl7.fhir.ae-Patient-consentToContactPatient",
      "title": "consentToContactPatient",
      "types": [
        "boolean"
      ]
    },
    {
      "url": "http://somewhere.org/fhir/uv/myig/StructureDefinition/hl7.fhir.ae-Patient-ethnicity",
      "title": "ethnicity",
      "types": [
        "CodeableConcept"
      ]
    },
    {
      "url": "http://somewhere.org/fhir/uv/myig/StructureDefinition/hl7.fhir.ae-Patient-gender",
      "title": "gender",
      "types": [
        "CodeableConcept"
      ]
    },
    {
      "url": "http://somewhere.org/fhir/uv/myig/StructureDefinition/hl7.fhir.ae-Patient-patientAge",
      "title": "patientAge",
      "types": [
        "integer"
      ]
    }
  ],
  "profiles": {
    "Patient": [
      {
        "url": "http://somewhere.org/fhir/uv/myig/StructureDefinition/hl7.fhir.ae-Patient",
        "title": "AZ Patient Profile"
      }
    ]
  },
  "usage": {
    "http://hl7.org/fhir/StructureDefinition/elementdefinition-bestpractice": [
      "StructureDefinition.snapshot.element.constraint"
    ],
    "http://hl7.org/fhir/StructureDefinition/elementdefinition-bestpractice-explanation": [
      "StructureDefinition.snapshot.element.constraint"
    ],
    "http://hl7.org/fhir/StructureDefinition/elementdefinition-bindingName": [
      "StructureDefinition.snapshot.element.binding"
    ],
    "http://hl7.org/fhir/StructureDefinition/elementdefinition-isCommonBinding": [
      "StructureDefinition.snapshot.element.binding"
    ],
    "http://hl7.org/fhir/StructureDefinition/elementdefinition-maxValueSet": [
      "StructureDefinition.snapshot.element.binding"
    ],
    "http://hl7.org/fhir/StructureDefinition/structuredefinition-explicit-type-name": [
      "StructureDefinition.snapshot.element"
    ],
    "http://hl7.org/fhir/StructureDefinition/structuredefinition-fhir-type": [
      "StructureDefinition.snapshot.element.type"
    ],
    "http://hl7.org/fhir/StructureDefinition/structuredefinition-hierarchy": [
      "StructureDefinition.snapshot.element.type"
    ],
    "http://hl7.org/fhir/tools/StructureDefinition/ig-parameter": [
      "ImplementationGuide.definition"
    ],
    "http://hl7.org/fhir/tools/StructureDefinition/resource-information": [
      "ImplementationGuide.definition.resource"
    ],
    "http://somewhere.org/fhir/uv/myig/StructureDefinition/hl7.fhir.ae-Address-region": [
      "Address"
    ],
    "http://somewhere.org/fhir/uv/myig/StructureDefinition/hl7.fhir.ae-HumanName-salutation": [
      "HumanName"
    ],
    "http://somewhere.org/fhir/uv/myig/StructureDefinition/hl7.fhir.ae-Patient-ageGroup": [
      "Patient"
    ],
    "http://somewhere.org/fhir/uv/myig/StructureDefinition/hl7.fhir.ae-Patient-consentToContactPatient": [
      "Patient"
    ],
    "http://somewhere.org/fhir/uv/myig/StructureDefinition/hl7.fhir.ae-Patient-ethnicity": [
      "Patient"
    ],
    "http://somewhere.org/fhir/uv/myig/StructureDefinition/hl7.fhir.ae-Patient-gender": [
      "Patient"
    ],
    "http://somewhere.org/fhir/uv/myig/StructureDefinition/hl7.fhir.ae-Patient-patientAge": [
      "Patient"
    ]
  }
}