<?xml version="1.0" encoding="UTF-8"?>

<ValueSet xmlns="http://hl7.org/fhir">
  <id value="hl7.fhir.ae-detailed-ethnicity"/>
  <text>
    <status value="generated"/><div xmlns="http://www.w3.org/1999/xhtml"><ul><li>Include these codes as defined in <code>urn:CodeSystem:detailed-ethnicity</code><table class="none"><tr><td style="white-space:nowrap"><b>Code</b></td><td><b>Display</b></td></tr><tr><td>white</td><td>White</td></tr><tr><td>african</td><td>African</td></tr><tr><td>caribbean</td><td>Caribbean</td></tr><tr><td>N/A</td><td>Not prepared to say</td></tr></table></li></ul></div>
  </text>
  <url value="http://somewhere.org/fhir/uv/myig/ValueSet/hl7.fhir.ae-detailed-ethnicity"/>
  <version value="0.1.0"/>
  <name value="DetailedEthnicity"/>
  <title value="detailed ethnicity"/>
  <status value="active"/>
  <date value="2020-12-17T21:16:08Z"/>
  <publisher value="AstraZeneca - Adverse Event Work Group"/>
  <contact>
    <telecom>
      <system value="url"/>
      <value value="https://www.astrazeneca.com"/>
    </telecom>
  </contact>
  <jurisdiction>
    <coding>
      <system value="http://unstats.un.org/unsd/methods/m49/m49.htm"/>
      <code value="001"/>
    </coding>
  </jurisdiction>
  <compose>
    <include>
      <system value="urn:CodeSystem:detailed-ethnicity"/>
      <concept>
        <code value="white"/>
        <display value="White"/>
      </concept>
      <concept>
        <code value="african"/>
        <display value="African"/>
      </concept>
      <concept>
        <code value="caribbean"/>
        <display value="Caribbean"/>
      </concept>
      <concept>
        <code value="N/A"/>
        <display value="Not prepared to say"/>
      </concept>
    </include>
  </compose>
</ValueSet>